index,0,1,2,3,4,5,6,7,8,9,10,MSE,error,std,threshold,is_error
2023-01-04,0.02,0.01,0.06,0.06,0.06,0.08,0.03,0.02,0.01,0.04,0.04,0.001630302,0,0.003164644,0.396835356,0
2023-01-05,0.01,0.02,0.07,0.06,0.05,0.08,0.02,0.01,0.01,0.05,0.05,0.002011312,0,0.005394955,0.394605045,0
2023-01-06,0.03,0.01,0.07,0.06,0.05,0.07,0.03,0.01,0.01,0.03,0.05,0.001316237,0,0.008243459,0.391756541,0
2023-01-07,0.02,0.02,0.06,0.07,0.04,0.07,0.02,0.01,0.01,0.04,0.04,0.001632568,0,0.007158827,0.392841173,0
2023-01-08,0.02,0.02,0.06,0.07,0.04,0.08,0.03,0.02,0.01,0.04,0.05,0.001612172,0,0.005974163,0.394025837,0
2023-01-09,0.02,0.01,0.06,0.07,0.04,0.08,0.03,0.01,0.01,0.03,0.05,0.000895077,0,0.003448298,0.396551702,0
2023-01-10,0.03,0.01,0.07,0.05,0.04,0.08,0.03,0.01,0.01,0.03,0.05,0.001506149,0,0.002845117,0.397154883,0
2023-01-11,0.02,0.01,0.06,0.06,0.05,0.07,0.03,0.01,0.02,0.04,0.04,0.001237869,0,0.005393243,0.394606757,0
2023-01-12,0.02,0.02,0.07,0.06,0.05,0.06,0.03,0.02,0.01,0.04,0.05,0.001309891,0,0.005913756,0.394086244,0
2023-01-13,0.02,0.01,0.07,0.06,0.04,0.06,0.03,0.01,0.01,0.04,0.05,0.001063889,0,0.007527285,0.392472715,0
2023-01-14,0.02,0.01,0.07,0.06,0.05,0.07,0.03,0.01,0.01,0.04,0.05,0.001854999,0,0.007814553,0.392185447,0
2023-01-15,0.02,0.02,0.06,0.06,0.04,0.07,0.03,0.01,0.01,0.04,0.04,0.001237355,0,0.002104245,0.397895755,0
2023-01-16,0.02,0.01,0.06,0.07,0.05,0.07,0.03,0.01,0.01,0.03,0.05,0.0020635,0,0.004513358,0.395486642,0
2023-01-17,0.02,0.02,0.06,0.06,0.05,0.07,0.03,0.02,0.01,0.03,0.04,0.001640531,0,0.008468503,0.391531497,0
2023-01-18,0.02,0.02,0.06,0.06,0.05,0.07,0.03,0.01,0.01,0.03,0.05,0.001874415,0,0.003975764,0.396024236,0
2023-01-19,0.02,0.01,0.06,0.05,0.04,0.07,0.03,0.02,0.01,0.04,0.04,0.00171801,0,0.003605576,0.396394424,0
2023-01-20,0.02,0.02,0.07,0.06,0.04,0.08,0.03,0.01,0.01,0.04,0.05,0.001323984,0,0.003805959,0.396194041,0
2023-01-21,0.02,0.01,0.06,0.06,0.04,0.07,0.03,0.01,0.01,0.03,0.05,0.001213801,0,0.005821294,0.394178706,0
2023-01-22,0.02,0.01,0.07,0.06,0.04,0.07,0.03,0.02,0.01,0.04,0.05,0.001973839,0,0.007180878,0.392819122,0
2023-01-23,0.02,0.01,0.07,0.06,0.05,0.07,0.03,0.01,0.01,0.04,0.05,0.002640121,0,0.008859645,0.391140355,0
2023-01-24,0.02,0.01,0.06,0.06,0.04,0.07,0.03,0.01,0.01,0.03,0.05,0.002652377,0,0.007535344,0.392464656,0
2023-01-25,0.02,0.02,0.07,0.06,0.05,0.07,0.03,0.01,0.01,0.04,0.05,0.001715804,0,0.006122778,0.393877222,0
2023-01-26,0.03,0.02,0.06,0.06,0.04,0.07,0.03,0.01,0.01,0.02,0.05,0.001983196,0,0.007208645,0.392791355,0
2023-01-27,0.02,0.02,0.06,0.06,0.05,0.08,0.03,0.01,0.01,0.04,0.05,0.00136512,0,0.002587567,0.397412433,0
2023-01-28,0.02,0.01,0.06,0.06,0.05,0.07,0.03,0.01,0.01,0.03,0.05,0.001181979,0,0.006794684,0.393205316,0
2023-01-29,0.02,0.01,0.06,0.07,0.05,0.08,0.03,0.01,0.01,0.04,0.04,0.001505413,0,0.004267108,0.395732892,0
2023-01-30,0.02,0.01,0.06,0.06,0.04,0.07,0.02,0.01,0.01,0.04,0.05,0.001662951,0,0.008939984,0.391060016,0
2023-01-31,0.02,0.02,0.06,0.06,0.05,0.07,0.03,0.01,0.01,0.04,0.04,0.001397317,0,0.010451438,0.389548562,0
2023-02-01,0.02,0.02,0.06,0.06,0.05,0.07,0.03,0.02,0.02,0.04,0.05,0.001488447,0,0.007360887,0.392639113,0
2023-02-02,0.02,0.03,0.06,0.06,0.05,0.07,0.03,0.01,0.01,0.04,0.04,0.001746036,0,0.007704437,0.392295563,0
2023-02-03,0.02,0.02,0.07,0.06,0.05,0.07,0.02,0.01,0.01,0.04,0.05,0.001106141,0,0.006018517,0.393981483,0
2023-02-04,0.03,0.02,0.07,0.06,0.05,0.07,0.03,0.01,0.01,0.03,0.06,0.001534729,0,0.003623472,0.396376528,0
2023-02-05,0.03,0.02,0.06,0.06,0.04,0.07,0.02,0.01,0.01,0.03,0.05,0.001610939,0,0.005187663,0.394812337,0
2023-02-06,0.02,0.02,0.06,0.06,0.04,0.07,0.03,0.02,0.01,0.03,0.05,0.001110987,0,0.007968176,0.392031824,0
2023-02-07,0.03,0.01,0.06,0.06,0.04,0.08,0.03,0.01,0.01,0.03,0.05,0.001794445,0,0.008179472,0.391820528,0
2023-02-08,0.02,0.01,0.06,0.05,0.05,0.07,0.03,0.01,0.01,0.04,0.05,0.001533528,0,0.003405773,0.396594227,0
2023-02-09,0.09,0.06,0.07,0.06,0.05,0.07,0.02,0.01,0.01,0.05,0.05,0.021570524,0,0.006858697,0.393141303,0
2023-02-10,0.15,0.09,0.06,0.05,0.05,0.07,0.02,0.01,0.01,0.05,0.04,0.018549592,0,0.005385048,0.394614952,0
2023-02-11,1.07,0.29,0.44,0.42,0.24,0.24,0.05,0.01,0.02,0.05,0.01,3.148070568,0,0.165686187,0.234313813,1
2023-02-12,1.74,0.49,0.65,0.6,0.33,0.39,0.03,0.07,0.05,0.07,0.09,2.507565584,0,0.29590796,0.10409204,1
2023-02-13,2.43,1.24,0.82,0.98,0.58,0.38,0.12,0.03,0.07,0.2,0.13,6.575727398,0,0.396678083,0.003321917,1
2023-02-14,2.47,1.25,1,1.35,0.61,0.56,0.04,0.22,0.05,0.11,0.08,2.821389756,1,0.452699132,-0.052699132,1
2023-02-15,2.59,1.18,1.16,1.44,0.59,0.59,0.12,0.23,0.08,0.26,0.09,0.995553205,0,0.431238667,-0.031238667,1
2023-02-16,2.8,1.34,0.94,2.13,0.59,0.86,0.13,0.2,0.09,0.06,0.07,6.623704496,0,1.047044338,-0.647044338,1
2023-02-17,3,1.57,0.92,2.42,0.87,1,0.14,0.14,0.14,0.18,0.06,4.08230653,0,0.355685368,0.044314632,1
2023-02-18,2.92,1.57,0.96,2.48,1.03,1.03,0.08,0.04,0.25,0.08,0.09,1.181498662,0,0.156458428,0.243541572,1
2023-02-19,2.87,1.58,0.9,2.56,1.06,1.05,0.05,0.12,0.2,0.05,0.06,0.730428442,0,0.123951055,0.276048945,1
2023-02-20,2.92,1.63,0.98,2.45,1.02,1.21,0.04,0.22,0.19,0.1,0.2,0.612737213,0,0.122069839,0.277930161,1
2023-02-21,2.49,1.56,0.89,2.48,0.99,1.08,0.06,0.04,0.14,0.11,0.2,0.597311417,0,0.091936705,0.308063295,1
2023-02-22,2.02,1.49,0.67,2.48,0.83,0.97,0.06,0.04,0.11,0.13,0.18,0.425424967,0,0.096069364,0.303930636,1
2023-02-23,1.42,0.94,0.56,1.54,1.14,0.59,0.06,0.05,0.08,0.08,0.03,0.202518608,0,0.054577966,0.345422034,0
2023-02-24,1.41,0.89,0.54,1.62,0.99,0.76,0.08,0.05,0.04,0.09,0.03,0.448651522,0,0.056548126,0.343451874,1
2023-02-25,1.47,0.91,0.46,1.28,0.99,0.61,0.03,0.07,0.03,0.07,0.02,0.142674882,0,0.0310739,0.3689261,0
2023-02-26,1.07,0.74,0.43,1,0.7,0.6,0.06,0.03,0.04,0.04,0.04,0.078149055,0,0.020152093,0.379847907,0
2023-02-27,0.66,0.5,0.41,0.56,0.43,0.53,0.02,0.02,0.04,0.02,0.02,0.11015828,0,0.034132948,0.365867052,0
2023-02-28,0.61,0.43,0.36,0.55,0.43,0.48,0.01,0.03,0.03,0.03,0.04,0.052796083,0,0.019598437,0.380401563,0
2023-03-01,0.6,0.46,0.36,0.55,0.26,0.37,0.03,0.04,0.02,0.04,0.09,0.217412937,0,0.041869419,0.358130581,0
2023-03-02,0.5,0.4,0.25,0.46,0.23,0.35,0.03,0.03,0.02,0.04,0.08,0.127797517,0,0.046015112,0.353984888,0
2023-03-03,0.34,0.34,0.13,0.43,0.19,0.35,0.06,0.03,0.02,0.06,0.05,0.036734416,0,0.025019982,0.374980018,0
2023-03-04,0.29,0.39,0.17,0.39,0.24,0.35,0.05,0.02,0.01,0.06,0.05,0.032471558,0,0.026651264,0.373348736,0
2023-03-05,0.27,0.34,0.22,0.41,0.29,0.14,0.04,0.03,0.05,0.08,0.06,0.064935387,0,0.021758599,0.378241401,0
2023-03-06,0.29,0.3,0.23,0.3,0.2,0.13,0.03,0.04,0.03,0.08,0.06,0.031896381,0,0.017421604,0.382578396,0
2023-03-07,0.28,0.24,0.23,0.32,0.27,0.15,0.03,0.05,0.04,0.07,0.06,0.065161244,0,0.025135958,0.374864042,0
2023-03-08,0.27,0.2,0.23,0.33,0.24,0.33,0.03,0.05,0.02,0.1,0.04,0.111383278,0,0.023199916,0.376800084,0
2023-03-09,0.27,0.19,0.27,0.33,0.27,0.32,0.02,0.04,0.02,0.07,0.04,0.041739896,0,0.01535621,0.38464379,0
2023-03-10,0.29,0.15,0.3,0.26,0.32,0.27,0.01,0.03,0.02,0.07,0.05,0.01949441,0,0.009908987,0.390091013,0
2023-03-11,0.26,0.16,0.27,0.25,0.34,0.29,0.02,0.02,0.03,0.05,0.04,0.06228428,0,0.011233215,0.388766785,0
2023-03-12,0.24,0.16,0.25,0.19,0.31,0.33,0.03,0.02,0.02,0.05,0.03,0.047677008,0,0.009452829,0.390547171,0
2023-03-13,0.28,0.12,0.24,0.2,0.26,0.33,0.04,0.03,0.04,0.05,0.03,0.028257198,0,0.007786608,0.392213392,0
2023-03-14,0.29,0.08,0.23,0.23,0.26,0.34,0.03,0.03,0.04,0.05,0.05,0.030235953,0,0.011527088,0.388472912,0
2023-03-15,0.26,0.1,0.2,0.24,0.29,0.32,0.03,0.03,0.04,0.03,0.06,0.018773249,0,0.007414936,0.392585064,0
2023-03-16,0.2,0.12,0.16,0.15,0.14,0.23,0.04,0.02,0.02,0.02,0.07,0.007957607,0,0.005933257,0.394066743,0
2023-03-17,0.17,0.13,0.13,0.16,0.14,0.16,0.03,0.02,0.02,0.02,0.08,0.008933772,0,0.009825228,0.390174772,0
2023-03-18,0.15,0.1,0.1,0.13,0.07,0.14,0.03,0.01,0.02,0.03,0.07,0.003511668,0,0.005973637,0.394026363,0
2023-03-19,0.12,0.07,0.1,0.12,0.08,0.15,0.03,0.01,0.01,0.03,0.05,0.006758453,0,0.011340845,0.388659155,0
2023-03-20,0.11,0.06,0.1,0.09,0.1,0.07,0.02,0.01,0.02,0.04,0.05,0.006262727,0,0.006090651,0.393909349,0
2023-03-21,0.1,0.07,0.09,0.08,0.11,0.08,0.03,0.01,0.01,0.03,0.06,0.005637516,0,0.007470979,0.392529021,0
2023-03-22,0.09,0.07,0.07,0.08,0.11,0.11,0.03,0.01,0.01,0.04,0.06,0.006142825,0,0.004809216,0.395190784,0
2023-03-23,0.08,0.07,0.07,0.09,0.12,0.12,0.02,0.01,0.01,0.04,0.06,0.006786755,0,0.004611434,0.395388566,0
2023-03-24,0.06,0.06,0.08,0.07,0.09,0.12,0.03,0.02,0.01,0.05,0.06,0.003055768,0,0.006874465,0.393125535,0
2023-03-25,0.05,0.06,0.07,0.05,0.08,0.13,0.03,0.02,0.01,0.05,0.06,0.003053902,0,0.0035048,0.3964952,0
2023-03-26,0.03,0.05,0.06,0.08,0.09,0.11,0.02,0.02,0.01,0.05,0.05,0.002584591,0,0.004023894,0.395976106,0
2023-03-27,0.03,0.04,0.07,0.08,0.09,0.11,0.03,0.02,0.01,0.05,0.06,0.002039993,0,0.003962832,0.396037168,0
2023-03-28,0.04,0.03,0.06,0.06,0.08,0.09,0.03,0.01,0.01,0.04,0.06,0.001727949,0,0.007320966,0.392679034,0
2023-03-29,0.05,0.02,0.06,0.06,0.06,0.09,0.03,0.02,0.01,0.04,0.06,0.001663552,0,0.003256815,0.396743185,0
2023-03-30,0.04,0.01,0.06,0.06,0.06,0.08,0.03,0.02,0.01,0.04,0.06,0.001382815,0,0.009079529,0.390920471,0
2023-03-31,0.04,0.02,0.06,0.06,0.06,0.07,0.03,0.01,0.01,0.04,0.05,0.002382671,0,0.005687089,0.394312911,0
2023-04-01,0.03,0.02,0.05,0.06,0.07,0.07,0.04,0.01,0.01,0.04,0.05,0.002562334,0,0.007265887,0.392734113,0
2023-04-02,0.03,0.02,0.04,0.07,0.06,0.06,0.03,0.01,0.01,0.04,0.04,0.001600017,0,0.006458565,0.393541435,0
2023-04-03,0.03,0.02,0.05,0.07,0.05,0.07,0.03,0.01,0.01,0.04,0.06,0.002207413,0,0.005834455,0.394165545,0
2023-04-04,0.03,0.01,0.07,0.05,0.05,0.07,0.04,0.01,0.01,0.03,0.05,0.002314166,0,0.00329775,0.39670225,0
2023-04-05,0.03,0.01,0.07,0.05,0.06,0.07,0.03,0.01,0.01,0.03,0.05,0.001914261,0,0.005957031,0.394042969,0
2023-04-06,0.01,0.01,0.06,0.06,0.06,0.07,0.03,0.02,0.01,0.04,0.04,0.001773061,0,0.00600705,0.39399295,0
2023-04-07,0.02,0.01,0.07,0.06,0.05,0.07,0.03,0.01,0.01,0.04,0.05,0.00198106,0,0.004735149,0.395264851,0
2023-04-08,0.02,0.02,0.07,0.06,0.05,0.08,0.03,0.01,0.01,0.03,0.05,0.001297133,0,0.009872566,0.390127434,0
2023-04-09,0.02,0.01,0.06,0.06,0.04,0.07,0.03,0.02,0.01,0.03,0.04,0.001324644,0,0.007378455,0.392621545,0
2023-04-10,0.02,0.02,0.06,0.07,0.04,0.07,0.03,0.01,0.01,0.03,0.05,0.001389882,0,0.006423387,0.393576613,0
2023-04-11,0.02,0.01,0.07,0.07,0.05,0.07,0.03,0.01,0.01,0.04,0.06,0.001144663,0,0.011366453,0.388633547,0
2023-04-12,0.02,0.01,0.07,0.06,0.04,0.07,0.03,0.01,0.01,0.03,0.05,0.001821986,0,0.005772218,0.394227782,0
2023-04-13,0.02,0.01,0.07,0.06,0.04,0.07,0.03,0.02,0.01,0.04,0.05,0.00153408,0,0.005402831,0.394597169,0
2023-04-14,0.03,0.02,0.06,0.07,0.05,0.07,0.03,0.01,0.01,0.03,0.05,0.001078611,0,0.004155846,0.395844154,0
2023-04-15,0.02,0.01,0.06,0.07,0.05,0.08,0.03,0.01,0.01,0.04,0.05,0.002456824,0,0.005693804,0.394306196,0
2023-04-16,0.02,0.02,0.07,0.07,0.06,0.07,0.02,0.01,0.01,0.04,0.05,0.001575219,0,0.005682067,0.394317933,0
2023-04-17,0.03,0.02,0.06,0.06,0.05,0.07,0.03,0.01,0.01,0.03,0.04,0.001900201,0,0.003450814,0.396549186,0
2023-04-18,0.03,0.02,0.07,0.06,0.05,0.07,0.03,0.02,0.01,0.04,0.05,0.002741985,0,0.007631935,0.392368065,0
2023-04-19,0.03,0.01,0.07,0.06,0.05,0.07,0.02,0.01,0.01,0.04,0.05,0.001571329,0,0.003208021,0.396791979,0
2023-04-20,0.02,0.01,0.06,0.07,0.04,0.07,0.03,0.02,0.01,0.04,0.05,0.001521555,0,0.004127665,0.395872335,0
2023-04-21,0.03,0.02,0.07,0.06,0.05,0.07,0.03,0.02,0.01,0.03,0.05,0.001483157,0,0.005345947,0.394654053,0
2023-04-22,0.02,0.01,0.07,0.07,0.06,0.07,0.03,0.02,0.01,0.04,0.05,0.001388574,0,0.003859,0.396141,0
2023-04-23,0.02,0.02,0.07,0.05,0.05,0.07,0.02,0.02,0.01,0.04,0.05,0.002440584,0,0.005209243,0.394790757,0
2023-04-24,0.03,0.02,0.07,0.05,0.06,0.07,0.03,0.02,0.02,0.03,0.05,0.001869423,0,0.006234813,0.393765187,0
2023-04-25,0.03,0.02,0.07,0.05,0.05,0.07,0.02,0.02,0.01,0.03,0.05,0.002806664,0,0.004430622,0.395569378,0
2023-04-26,0.02,0.02,0.07,0.06,0.05,0.07,0.03,0.02,0.01,0.04,0.05,0.002253323,0,0.004134125,0.395865875,0
2023-04-27,0.03,0.01,0.07,0.07,0.06,0.07,0.03,0.02,0.01,0.03,0.05,0.002550808,0,0.00463694,0.39536306,0
2023-04-28,0.03,0.01,0.07,0.08,0.04,0.08,0.03,0.01,0.01,0.03,0.05,0.002416513,0,0.008824689,0.391175311,0
2023-04-29,0.02,0.01,0.07,0.08,0.05,0.08,0.03,0.01,0.01,0.04,0.05,0.001171382,0,0.005726777,0.394273223,0
2023-04-30,0.02,0.01,0.06,0.07,0.04,0.08,0.03,0.01,0.01,0.04,0.05,0.000787147,0,0.004923427,0.395076573,0
2023-05-01,0.02,0.01,0.07,0.06,0.06,0.07,0.03,0.01,0.01,0.04,0.05,0.002416583,0,0.006236658,0.393763342,0
2023-05-02,0.03,0.01,0.07,0.06,0.08,0.07,0.03,0.02,0.01,0.04,0.05,0.001913598,0,0.002589065,0.397410935,0
2023-05-03,0.03,0.01,0.06,0.05,0.07,0.07,0.03,0.02,0.01,0.04,0.04,0.002924526,0,0.004660193,0.395339807,0
2023-05-04,0.03,0.01,0.07,0.06,0.07,0.06,0.03,0.02,0.01,0.04,0.05,0.002313388,0,0.005292374,0.394707626,0
2023-05-05,0.03,0.01,0.07,0.06,0.07,0.07,0.03,0.01,0.01,0.03,0.05,0.001704356,0,0.005357561,0.394642439,0
2023-05-06,0.03,0.01,0.07,0.07,0.05,0.07,0.03,0.02,0.01,0.03,0.05,0.002195928,0,0.006432836,0.393567164,0
2023-05-07,0.03,0.01,0.06,0.08,0.05,0.08,0.03,0.01,0.01,0.04,0.05,0.001420964,0,0.008127652,0.391872348,0
2023-05-08,0.03,0.01,0.06,0.08,0.04,0.08,0.03,0.01,0.01,0.04,0.05,0.002182164,0,0.006067143,0.393932857,0
2023-05-09,0.03,0.01,0.06,0.07,0.05,0.08,0.03,0.02,0,0.04,0.05,0.001320726,0,0.005342924,0.394657076,0
2023-05-10,0.03,0.02,0.06,0.06,0.06,0.07,0.03,0.01,0.01,0.04,0.04,0.001063433,0,0.004279288,0.395720712,0
2023-05-11,1.22,2.51,0.2,0.28,0.25,0.17,0.33,0.2,0.03,0.47,0.1,17.04447199,0,0.701537511,-0.301537511,1
2023-05-12,2.1,4.2,0.25,0.34,0.22,0.33,0.33,0.26,0.03,0.5,0.31,14.3104541,0,1.305630138,-0.905630138,1
2023-05-13,3.94,5.2,0.61,0.43,0.38,0.69,0.57,0.45,0.15,1.03,0.45,20.79735746,0,1.741338358,-1.341338358,1
2023-05-14,4.97,5.78,1.14,0.34,0.64,0.66,0.59,1.13,0.3,1.08,0.48,16.83550512,0,1.513591176,-1.113591176,1
2023-05-15,5.03,5.9,1.18,0.9,0.63,0.78,0.75,1.09,0.11,0.79,0.36,7.092047736,1,1.434892657,-1.034892657,1
2023-05-16,5.05,6.01,1.33,1.16,0.78,0.91,0.88,0.75,0.05,0.83,0.17,5.140331382,0,0.762155521,-0.362155521,1
2023-05-17,5.3,6.07,1.46,1.57,0.84,1.21,1.02,0.55,0.14,0.59,0.22,7.420347417,0,1.341962104,-0.941962104,1
2023-05-18,5.51,6.06,1.5,1.61,1.1,1.46,1.08,0.46,0.18,0.66,0.21,5.956018553,0,0.966821458,-0.566821458,1
2023-05-19,5.54,6.17,1.42,1.66,1.08,1.78,0.95,0.37,0.18,0.72,0.46,3.53204151,0,1.11108182,-0.71108182,1
2023-05-20,5.59,6.23,1.49,1.54,0.8,1.9,0.56,0.19,0.16,0.73,0.72,3.781156627,0,0.82495901,-0.42495901,1
2023-05-21,5.02,5.05,1.62,1.75,0.92,1.84,0.09,0.14,0.05,0.47,0.6,1.243616025,0,0.322676217,0.077323783,1
2023-05-22,4.42,3.32,1.22,1.79,1.58,1.56,0.27,0.68,0.12,0.49,0.33,1.042078547,0,0.267918393,0.132081607,1
2023-05-23,2.73,2.16,1.12,1.71,1.5,1.45,0.13,0.53,0.11,0.38,0.22,1.245797911,0,0.41285792,-0.01285792,1
2023-05-24,1.2,0.62,0.83,0.91,1.49,0.66,0.03,0.09,0.05,0.1,0.06,0.218929397,0,0.096864008,0.303135992,0
2023-05-25,1.22,0.6,0.86,1.22,1.07,0.73,0.05,0.16,0.03,0.1,0.07,0.940694352,0,0.218275075,0.181724925,1
2023-05-26,1.24,0.57,0.84,1.09,0.97,0.69,0.06,0.06,0.03,0.11,0.09,0.588466627,0,0.096866955,0.303133045,1
2023-05-27,0.83,0.52,0.79,1.07,1,0.73,0.1,0.06,0.04,0.07,0.05,0.193869169,0,0.041057587,0.358942413,0
2023-05-28,0.26,0.48,0.83,1.06,0.81,0.53,0.08,0.06,0.03,0.06,0.02,0.123163717,0,0.072152659,0.327847341,0
2023-05-29,0.34,0.47,0.86,0.89,0.69,0.51,0.12,0.06,0.03,0.04,0.03,0.231554642,0,0.059379582,0.340620418,0
2023-05-30,0.27,0.47,0.79,0.87,0.44,0.39,0.07,0.05,0.04,0.05,0.06,0.15114658,0,0.044712262,0.355287738,0
2023-05-31,0.27,0.35,0.53,0.99,0.43,0.41,0.02,0.04,0.02,0.06,0.07,0.237909194,0,0.04998257,0.35001743,0
2023-06-01,0.25,0.34,0.14,0.79,0.57,0.41,0.03,0.06,0.03,0.04,0.12,0.070881089,0,0.030892523,0.369107477,0
2023-06-02,0.28,0.33,0.16,0.71,0.31,0.44,0.03,0.03,0.03,0.04,0.11,0.065115774,0,0.038877176,0.361122824,0
2023-06-03,0.28,0.27,0.18,0.31,0.29,0.47,0.06,0.04,0.02,0.06,0.05,0.043827258,0,0.027746742,0.372253258,0
2023-06-04,0.26,0.21,0.18,0.31,0.34,0.45,0.07,0.02,0.02,0.06,0.03,0.04636038,0,0.033850292,0.366149708,0
2023-06-05,0.23,0.17,0.14,0.18,0.25,0.31,0.05,0.02,0.03,0.05,0.04,0.014673868,0,0.014478612,0.385521388,0
2023-06-06,0.22,0.14,0.12,0.23,0.2,0.33,0.05,0.03,0.03,0.04,0.03,0.043072487,0,0.023920289,0.376079711,0
2023-06-07,0.23,0.11,0.11,0.17,0.15,0.25,0.03,0.03,0.01,0.03,0.02,0.005378964,0,0.006687155,0.393312845,0
2023-06-08,0.21,0.1,0.13,0.22,0.17,0.32,0.02,0.05,0.02,0.04,0.03,0.051154252,0,0.014423779,0.385576221,0
2023-06-09,0.17,0.06,0.11,0.23,0.17,0.28,0.02,0.04,0.01,0.03,0.05,0.012425581,0,0.019717315,0.380282685,0
2023-06-10,0.16,0.06,0.09,0.33,0.18,0.3,0.01,0.03,0.01,0.04,0.06,0.036482592,0,0.008473778,0.391526222,0
2023-06-11,0.16,0.07,0.08,0.29,0.16,0.28,0.03,0.03,0.01,0.07,0.04,0.023979778,0,0.007751613,0.392248387,0
2023-06-12,0.15,0.08,0.09,0.3,0.2,0.24,0.04,0.02,0.02,0.06,0.02,0.022032384,0,0.006690389,0.393309611,0
2023-06-13,0.13,0.05,0.07,0.29,0.21,0.2,0.03,0.01,0.02,0.05,0.02,0.016052422,0,0.012824437,0.387175563,0
2023-06-14,0.13,0.06,0.08,0.25,0.16,0.16,0.04,0.02,0.03,0.04,0.03,0.005008692,0,0.005807055,0.394192945,0
2023-06-15,0.12,0.05,0.07,0.24,0.17,0.16,0.03,0.02,0.02,0.04,0.04,0.009559861,0,0.006696092,0.393303908,0
2023-06-16,0.11,0.06,0.09,0.31,0.18,0.15,0.03,0.02,0.03,0.03,0.05,0.007773106,0,0.009406052,0.390593948,0
2023-06-17,0.12,0.06,0.08,0.18,0.08,0.2,0.03,0.01,0.02,0.02,0.06,0.027538083,0,0.013005233,0.386994767,0
2023-06-18,0.09,0.06,0.08,0.22,0.1,0.23,0.04,0.01,0.02,0.03,0.07,0.016853438,0,0.00742017,0.39257983,0
2023-06-19,0.05,0.05,0.06,0.12,0.1,0.19,0.04,0.01,0.02,0.04,0.04,0.003075411,0,0.002881042,0.397118958,0
2023-06-20,0.05,0.05,0.05,0.1,0.08,0.16,0.03,0.01,0.01,0.03,0.05,0.004210111,0,0.00677182,0.39322818,0
2023-06-21,0.04,0.05,0.05,0.1,0.06,0.15,0.02,0.01,0.01,0.04,0.05,0.003499156,0,0.01176258,0.38823742,0
2023-06-22,0.05,0.04,0.06,0.09,0.07,0.13,0.02,0.01,0.02,0.04,0.06,0.004559893,0,0.006829452,0.393170548,0
2023-06-23,0.06,0.03,0.06,0.08,0.06,0.14,0.02,0.02,0.01,0.04,0.07,0.003995001,0,0.005411354,0.394588646,0
2023-06-24,0.06,0.04,0.06,0.09,0.06,0.14,0.02,0.01,0.01,0.04,0.07,0.002803122,0,0.006303628,0.393696372,0
2023-06-25,0.06,0.03,0.06,0.08,0.05,0.15,0.03,0.02,0.01,0.04,0.07,0.001708298,0,0.010580295,0.389419705,0
2023-06-26,0.06,0.02,0.06,0.07,0.06,0.07,0.03,0.01,0.01,0.04,0.05,0.001300113,0,0.004098072,0.395901928,0
2023-06-27,0.06,0.02,0.06,0.06,0.06,0.07,0.03,0.01,0.01,0.04,0.05,0.001682218,0,0.00560924,0.39439076,0
2023-06-28,0.05,0.02,0.06,0.06,0.05,0.09,0.03,0.02,0.01,0.05,0.05,0.002800463,0,0.005097916,0.394902084,0
2023-06-29,0.04,0.01,0.07,0.06,0.04,0.09,0.02,0.01,0.01,0.04,0.06,0.002274885,0,0.005199278,0.394800722,0
2023-06-30,0.04,0.02,0.06,0.07,0.05,0.09,0.03,0.01,0.01,0.04,0.05,0.004521478,0,0.005446065,0.394553935,0
2023-07-01,0.05,0.01,0.06,0.07,0.04,0.1,0.03,0.01,0.01,0.04,0.06,0.002494799,0,0.005416895,0.394583105,0
2023-07-02,0.06,0.02,0.06,0.09,0.05,0.11,0.03,0.02,0.01,0.04,0.05,0.002037846,0,0.006010287,0.393989713,0
2023-07-03,0.03,0.01,0.07,0.06,0.05,0.08,0.03,0.02,0.01,0.03,0.05,0.001264014,0,0.005127231,0.394872769,0
2023-07-04,0.03,0.02,0.06,0.06,0.04,0.08,0.03,0.02,0.01,0.03,0.05,0.001529699,0,0.002773109,0.397226891,0
2023-07-05,0.01,0.01,0.06,0.06,0.05,0.07,0.03,0.02,0.01,0.04,0.04,0.001163821,0,0.008728681,0.391271319,0
2023-07-06,0.03,0.01,0.07,0.05,0.05,0.07,0.03,0.01,0.01,0.03,0.05,0.001873643,0,0.004080163,0.395919837,0
2023-07-07,0.02,0.01,0.06,0.06,0.05,0.07,0.03,0.01,0.01,0.03,0.05,0.001547763,0,0.007047919,0.392952081,0
2023-07-08,0.02,0.01,0.06,0.06,0.05,0.07,0.03,0.01,0.01,0.04,0.05,0.00184761,0,0.004003742,0.395996258,0
2023-07-09,0.02,0.01,0.06,0.06,0.04,0.08,0.03,0.01,0.01,0.04,0.05,0.001924125,0,0.004480842,0.395519158,0
2023-07-10,0.02,0.01,0.06,0.07,0.04,0.08,0.03,0.01,0.01,0.04,0.05,0.001145278,0,0.00369307,0.39630693,0
2023-07-11,0.02,0.01,0.06,0.07,0.04,0.07,0.03,0.01,0.01,0.04,0.05,0.001665978,0,0.006148118,0.393851882,0
2023-07-12,0.02,0.01,0.07,0.06,0.05,0.07,0.03,0.02,0.01,0.04,0.05,0.001876717,0,0.00530094,0.39469906,0
2023-07-13,0.03,0.01,0.06,0.06,0.05,0.07,0.03,0.02,0.01,0.03,0.05,0.001222064,0,0.005481679,0.394518321,0
2023-07-14,0.03,0.02,0.07,0.06,0.05,0.06,0.03,0.01,0.01,0.04,0.05,0.001910468,0,0.004709406,0.395290594,0
2023-07-15,0.03,0.01,0.06,0.06,0.05,0.06,0.03,0.01,0.01,0.04,0.04,0.001278026,0,0.002544667,0.397455333,0
2023-07-16,0.03,0.01,0.07,0.07,0.04,0.06,0.03,0.01,0.01,0.03,0.05,0.002097008,0,0.00408881,0.39591119,0
2023-07-17,0.03,0.01,0.07,0.06,0.04,0.07,0.03,0.01,0.01,0.03,0.05,0.001640995,0,0.005640653,0.394359347,0
2023-07-18,0.02,0.02,0.06,0.06,0.05,0.07,0.03,0.01,0.01,0.04,0.04,0.001233487,0,0.00348597,0.39651403,0
2023-07-19,0.02,0.01,0.07,0.06,0.04,0.07,0.02,0.01,0.01,0.04,0.05,0.002069103,0,0.003746765,0.396253235,0
2023-07-20,0.02,0.01,0.06,0.06,0.04,0.07,0.03,0.01,0.01,0.04,0.05,0.001510989,0,0.003532602,0.396467398,0
2023-07-21,0.02,0.01,0.07,0.06,0.05,0.07,0.03,0.02,0.01,0.04,0.05,0.00151849,0,0.003217891,0.396782109,0
2023-07-22,0.03,0.01,0.06,0.05,0.04,0.07,0.03,0.02,0.01,0.03,0.05,0.001326375,0,0.003757716,0.396242284,0
2023-07-23,0.03,0.01,0.07,0.06,0.05,0.07,0.03,0.02,0.01,0.03,0.05,0.001499851,0,0.005254472,0.394745528,0
2023-07-24,0.02,0.02,0.06,0.06,0.04,0.07,0.03,0.02,0.01,0.04,0.04,0.001351246,0,0.008311302,0.391688698,0
2023-07-25,0.02,0.01,0.06,0.05,0.04,0.07,0.03,0.02,0.01,0.03,0.05,0.00145862,0,0.007447678,0.392552322,0
2023-07-26,0.02,0.01,0.06,0.06,0.04,0.07,0.03,0.02,0,0.03,0.05,0.001133261,0,0.003523975,0.396476025,0
2023-07-27,0.02,0.02,0.06,0.06,0.05,0.07,0.03,0.01,0.01,0.03,0.05,0.001573587,0,0.003337611,0.396662389,0
2023-07-28,0.02,0.02,0.07,0.07,0.04,0.07,0.03,0.01,0.01,0.04,0.05,0.001431454,0,0.00882845,0.39117155,0
2023-07-29,0.02,0.01,0.06,0.06,0.04,0.08,0.03,0.01,0.01,0.04,0.05,0.001560457,0,0.004062198,0.395937802,0
2023-07-30,0.01,0.01,0.06,0.06,0.04,0.07,0.03,0.02,0.01,0.04,0.05,0.001184562,0,0.00584926,0.39415074,0
2023-07-31,0.03,0.01,0.07,0.06,0.05,0.08,0.03,0.01,0.01,0.03,0.05,0.001234292,0,0.009737667,0.390262333,0
2023-08-01,0.02,0.02,0.06,0.06,0.05,0.07,0.03,0.01,0.01,0.03,0.05,0.001546329,0,0.004649313,0.395350687,0
2023-08-02,0.02,0.01,0.07,0.06,0.05,0.07,0.03,0.01,0.01,0.04,0.05,0.001298492,0,0.006378113,0.393621887,0
2023-08-03,0.02,0.01,0.06,0.06,0.05,0.08,0.03,0.01,0.01,0.04,0.05,0.00275658,0,0.004634258,0.395365742,0
2023-08-04,0.02,0.02,0.06,0.06,0.04,0.09,0.03,0.01,0.01,0.04,0.05,0.001929662,0,0.004001443,0.395998557,0
2023-08-05,0.14,0.05,0.07,0.06,0.06,0.08,0.03,0.01,0.01,0.06,0.04,0.048974205,0,0.012521118,0.387478882,0
2023-08-06,0.23,0.09,0.07,0.06,0.04,0.09,0.02,0.02,0.01,0.04,0.04,0.037338683,0,0.010461102,0.389538898,0
2023-08-07,0.91,0.43,0.16,0.59,0.39,0.24,0.04,0.02,0.02,0.12,0.1,2.644698428,0,0.203607043,0.196392957,1
2023-08-08,1.47,0.79,0.21,0.65,0.37,0.37,0.04,0.03,0.06,0.11,0.12,1.82490825,0,0.236437747,0.163562253,1
2023-08-09,1.93,0.91,0.25,1.33,0.74,0.52,0.08,0.06,0.03,0.1,0.1,3.232374737,0,0.388469534,0.011530466,1
2023-08-10,2.2,0.92,0.52,1.41,0.73,0.33,0.09,0.21,0.1,0.16,0.11,1.047871317,0,0.204908306,0.195091694,1
2023-08-11,2.17,0.8,0.88,1.29,0.71,0.45,0.15,0.28,0.05,0.16,0.14,0.927054669,0,0.58832725,-0.18832725,1
2023-08-12,1.96,0.7,0.94,1.33,0.78,0.43,0.12,0.24,0.07,0.14,0.16,0.312318215,0,0.235377894,0.164622106,1
2023-08-13,2.36,0.87,0.83,1.64,0.97,1.29,0.24,0.21,0.04,0.06,0.13,9.063172179,1,1.114098792,-0.714098792,1
2023-08-14,2.78,1.06,0.7,1.71,0.88,1.83,0.19,0.14,0.1,0.19,0.08,4.720469906,0,0.479997589,-0.079997589,1
2023-08-15,2.74,0.99,0.64,1.69,0.87,1.95,0.11,0.06,0.27,0.15,0.15,0.596361516,0,0.10302008,0.29697992,1
2023-08-16,2.64,0.91,0.66,1.25,0.71,1.91,0.12,0.08,0.19,0.06,0.26,0.244916732,0,0.082243728,0.317756272,0
2023-08-17,2.36,0.92,0.67,1.87,0.83,1.88,0.07,0.08,0.08,0.1,0.28,2.318138382,0,0.293625727,0.106374273,1
2023-08-18,2,0.85,0.68,1.95,1.08,1.58,0.13,0.14,0.06,0.18,0.08,1.400070659,0,0.649223992,-0.249223992,1
2023-08-19,1.8,0.89,0.63,2.24,1.04,1.72,0.16,0.04,0.06,0.06,0.14,1.423231701,0,0.276973788,0.123026212,1
2023-08-20,1.49,0.8,0.98,2.19,1.16,1.53,0.1,0.16,0.1,0.05,0.1,2.088974483,0,0.346962022,0.053037978,1
2023-08-21,1.32,0.65,1.02,2.05,1.24,1.31,0.1,0.17,0.04,0.05,0.05,0.947446575,0,0.118536202,0.281463798,1
2023-08-22,1.26,0.67,0.82,1.98,1.29,0.48,0.06,0.09,0.04,0.03,0.05,0.337814601,0,0.068252465,0.331747535,1
2023-08-23,0.85,0.43,0.68,2,1.1,0.51,0.04,0.05,0.05,0.03,0.04,0.143352141,0,0.04887591,0.35112409,0
2023-08-24,0.27,0.24,0.68,1.87,1.28,0.53,0.02,0.03,0.06,0.03,0.07,0.313409653,0,0.078345209,0.321654791,0
2023-08-25,0.3,0.21,0.6,1.95,1.28,0.57,0.03,0.03,0.05,0.02,0.05,0.355426883,0,0.086843337,0.313156663,1
2023-08-26,0.24,0.21,0.5,1.67,1.6,0.46,0.03,0.12,0.05,0.05,0.1,0.42554804,0,0.099358014,0.300641986,1
2023-08-27,0.18,0.14,0.46,1.29,1.09,0.39,0.02,0.08,0.04,0.07,0.12,0.092522809,0,0.033652721,0.366347279,0
2023-08-28,0.15,0.08,0.31,0.57,0.29,0.42,0.03,0.04,0.03,0.06,0.11,0.03217658,0,0.032455859,0.367544141,0
2023-08-29,0.08,0.1,0.16,0.33,0.38,0.33,0.05,0.03,0.01,0.08,0.06,0.040016771,0,0.008990766,0.391009234,0
2023-08-30,0.07,0.08,0.13,0.38,0.41,0.29,0.06,0.02,0.02,0.07,0.04,0.056063401,0,0.02378785,0.37621215,0
2023-08-31,0.06,0.06,0.11,0.28,0.36,0.11,0.03,0.01,0.01,0.06,0.02,0.024259847,0,0.006776901,0.393223099,0
2023-09-01,0.08,0.05,0.12,0.21,0.29,0.1,0.03,0.02,0.02,0.05,0.02,0.006614008,0,0.009674339,0.390325661,0
2023-09-02,0.09,0.06,0.09,0.07,0.13,0.1,0.02,0.01,0.01,0.03,0.03,0.001265733,0,0.007833183,0.392166817,0
2023-09-03,0.08,0.05,0.08,0.08,0.1,0.09,0.02,0.01,0.01,0.04,0.04,0.000900722,0,0.006756289,0.393243711,0
2023-09-04,0.09,0.04,0.07,0.1,0.07,0.08,0.03,0.02,0.01,0.04,0.04,0.001545004,0,0.006032734,0.393967266,0
2023-09-05,0.09,0.04,0.07,0.13,0.07,0.07,0.02,0.01,0.01,0.04,0.04,0.003472898,0,0.004712141,0.395287859,0
2023-09-06,0.09,0.04,0.07,0.11,0.07,0.07,0.03,0.01,0.01,0.04,0.04,0.004597496,0,0.004222694,0.395777306,0
2023-09-07,0.1,0.03,0.08,0.11,0.08,0.08,0.02,0.01,0.01,0.05,0.05,0.005760605,0,0.003734124,0.396265876,0
2023-09-08,0.12,0.02,0.07,0.1,0.06,0.08,0.02,0.01,0.01,0.04,0.04,0.004450271,0,0.004243154,0.395756846,0
2023-09-09,0.11,0.02,0.06,0.09,0.05,0.08,0.03,0.01,0.01,0.04,0.04,0.001702593,0,0.003539507,0.396460493,0
2023-09-10,0.1,0.02,0.07,0.08,0.04,0.07,0.03,0.01,0.01,0.04,0.05,0.00122425,0,0.004758733,0.395241267,0
2023-09-11,0.08,0.02,0.07,0.08,0.05,0.07,0.02,0.02,0.01,0.04,0.05,0.000783916,0,0.007453797,0.392546203,0
2023-09-12,0.05,0.03,0.07,0.07,0.06,0.07,0.02,0.01,0.01,0.04,0.05,0.001331439,0,0.006271524,0.393728476,0
2023-09-13,0.04,0.02,0.07,0.07,0.08,0.08,0.03,0.01,0.01,0.04,0.04,0.003707064,0,0.006634085,0.393365915,0
2023-09-14,0.01,0.02,0.07,0.07,0.08,0.08,0.03,0.01,0.01,0.04,0.04,0.001156699,0,0.003892911,0.396107089,0
2023-09-15,0.02,0.02,0.07,0.08,0.09,0.07,0.02,0.01,0.01,0.04,0.04,0.003296577,0,0.007375033,0.392624967,0
2023-09-16,0.02,0.02,0.06,0.08,0.06,0.07,0.02,0.01,0.01,0.04,0.04,0.001538978,0,0.006006691,0.393993309,0
2023-09-17,0.03,0.02,0.06,0.08,0.06,0.08,0.03,0.02,0.01,0.03,0.05,0.002865116,0,0.008411781,0.391588219,0
2023-09-18,0.02,0.02,0.06,0.07,0.05,0.08,0.02,0.02,0.01,0.04,0.05,0.002557223,0,0.007780205,0.392219795,0
2023-09-19,0.02,0.02,0.06,0.08,0.04,0.1,0.02,0.02,0.01,0.04,0.05,0.003687062,0,0.007927712,0.392072288,0
2023-09-20,0.02,0.02,0.06,0.08,0.04,0.1,0.03,0.01,0.01,0.04,0.05,0.002827513,0,0.009718672,0.390281328,0
2023-09-21,0.03,0.02,0.06,0.06,0.04,0.11,0.02,0.01,0.01,0.04,0.04,0.001705381,0,0.006700263,0.393299737,0
2023-09-22,0.03,0.02,0.07,0.06,0.04,0.08,0.03,0.02,0.01,0.04,0.05,0.001540441,0,0.003246874,0.396753126,0
2023-09-23,0.03,0.02,0.06,0.06,0.05,0.09,0.02,0.01,0.01,0.04,0.04,0.00159688,0,0.005908465,0.394091535,0
2023-09-24,0.03,0.02,0.06,0.05,0.04,0.08,0.03,0.01,0.01,0.03,0.05,0.001323958,0,0.008289083,0.391710917,0
2023-09-25,0.03,0.02,0.07,0.05,0.05,0.09,0.03,0.02,0.01,0.03,0.05,0.002032166,0,0.006423273,0.393576727,0
2023-09-26,0.03,0.02,0.07,0.05,0.06,0.08,0.03,0.01,0.01,0.03,0.05,0.001648867,0,0.005663422,0.394336578,0
2023-09-27,0.03,0.02,0.07,0.05,0.05,0.08,0.03,0.01,0.01,0.03,0.05,0.001932519,0,0.003924733,0.396075267,0
2023-09-28,0.02,0.02,0.07,0.06,0.05,0.08,0.03,0.01,0.01,0.03,0.05,0.002324087,0,0.008108062,0.391891938,0
2023-09-29,0.03,0.02,0.06,0.06,0.04,0.07,0.03,0.01,0.01,0.03,0.05,0.001686878,0,0.004244602,0.395755398,0
2023-09-30,0.03,0.01,0.06,0.07,0.04,0.07,0.03,0.01,0.01,0.03,0.05,0.001519852,0,0.004024736,0.395975264,0
2023-10-01,0.03,0.01,0.06,0.06,0.05,0.07,0.03,0.01,0.01,0.03,0.05,0.001406831,0,0.002776627,0.397223373,0
2023-10-02,0.02,0.01,0.06,0.07,0.04,0.07,0.03,0.01,0.01,0.04,0.05,0.001504715,0,0.004581059,0.395418941,0
2023-10-03,0.02,0.02,0.06,0.07,0.04,0.07,0.03,0.01,0.01,0.04,0.05,0.000983305,0,0.005704791,0.394295209,0
2023-10-04,0.02,0.02,0.06,0.06,0.04,0.07,0.03,0.02,0.01,0.03,0.05,0.001606631,0,0.006863502,0.393136498,0
2023-10-05,0.03,0.02,0.06,0.06,0.05,0.07,0.03,0.01,0.01,0.03,0.05,0.001663791,0,0.005277174,0.394722826,0
2023-10-06,0.02,0.01,0.06,0.06,0.05,0.07,0.03,0.02,0.01,0.03,0.05,0.000995928,0,0.004674587,0.395325413,0
2023-10-07,0.02,0.01,0.06,0.05,0.05,0.07,0.03,0.01,0.01,0.03,0.05,0.002482269,0,0.007478651,0.392521349,0
2023-10-08,0.02,0.02,0.06,0.06,0.04,0.07,0.03,0.01,0.01,0.03,0.05,0.002042641,0,0.006113742,0.393886258,0
2023-10-09,0.03,0.02,0.06,0.06,0.04,0.07,0.03,0.01,0.01,0.03,0.05,0.001647269,0,0.006210363,0.393789637,0
2023-10-10,0.03,0.02,0.06,0.06,0.04,0.07,0.03,0.01,0.01,0.03,0.05,0.001857309,0,0.009398424,0.390601576,0
2023-10-11,0.03,0.02,0.07,0.07,0.04,0.08,0.02,0.01,0.01,0.04,0.05,0.001320548,0,0.003375288,0.396624712,0
2023-10-12,0.03,0.02,0.06,0.06,0.04,0.08,0.03,0.01,0.01,0.03,0.05,0.001300455,0,0.003881784,0.396118216,0
2023-10-13,0.02,0.02,0.07,0.05,0.04,0.08,0.02,0.02,0.01,0.04,0.05,0.001843053,0,0.009191572,0.390808428,0
2023-10-14,0.03,0.02,0.06,0.06,0.05,0.07,0.03,0.01,0.01,0.03,0.05,0.001354465,0,0.003727271,0.396272729,0
2023-10-15,0.02,0.02,0.07,0.05,0.05,0.07,0.02,0.01,0.01,0.04,0.05,0.001559242,0,0.005878572,0.394121428,0
2023-10-16,0.02,0.01,0.06,0.05,0.05,0.06,0.03,0.01,0.01,0.04,0.04,0.001356235,0,0.005706175,0.394293825,0
2023-10-17,0.02,0.01,0.07,0.06,0.05,0.06,0.03,0.01,0.01,0.04,0.05,0.001542029,0,0.004503219,0.395496781,0
2023-10-18,0.02,0.01,0.06,0.07,0.04,0.07,0.03,0.02,0.01,0.03,0.04,0.001897866,0,0.006363149,0.393636851,0
2023-10-19,0.02,0.02,0.06,0.07,0.04,0.07,0.03,0.02,0.01,0.04,0.05,0.001572284,0,0.003317673,0.396682327,0
2023-10-20,0.03,0.02,0.06,0.07,0.04,0.07,0.03,0.01,0.01,0.03,0.05,0.001597683,0,0.00792113,0.39207887,0
2023-10-21,0.02,0.02,0.07,0.06,0.04,0.07,0.03,0.01,0.01,0.04,0.05,0.00110291,0,0.006414123,0.393585877,0
2023-10-22,0.02,0.02,0.07,0.06,0.05,0.07,0.03,0.01,0.01,0.03,0.05,0.001732393,0,0.007382976,0.392617024,0
2023-10-23,0.02,0.02,0.07,0.05,0.05,0.07,0.03,0.01,0.01,0.04,0.06,0.002046307,0,0.006015822,0.393984178,0
2023-10-24,0.02,0.02,0.06,0.06,0.05,0.07,0.03,0.01,0.01,0.03,0.04,0.001450501,0,0.005964412,0.394035588,0
2023-10-25,0.03,0.02,0.07,0.06,0.05,0.07,0.03,0.02,0.01,0.03,0.06,0.001896574,0,0.011865461,0.388134539,0
2023-10-26,0.02,0.01,0.06,0.06,0.04,0.07,0.03,0.01,0.01,0.03,0.05,0.000952855,0,0.004129075,0.395870925,0
2023-10-27,0.02,0.01,0.07,0.06,0.04,0.07,0.02,0.01,0.01,0.04,0.05,0.001722882,0,0.004727387,0.395272613,0
2023-10-28,0.02,0.01,0.07,0.06,0.05,0.07,0.03,0.02,0.01,0.04,0.05,0.001710324,0,0.004523706,0.395476294,0
2023-10-29,0.02,0.02,0.07,0.06,0.05,0.07,0.03,0.02,0.01,0.04,0.05,0.001958081,0,0.008020773,0.391979227,0
2023-10-30,0.02,0.01,0.07,0.06,0.05,0.07,0.03,0.02,0.01,0.04,0.05,0.001811146,0,0.006609405,0.393390595,0
2023-10-31,0.03,0.01,0.07,0.06,0.05,0.07,0.03,0.02,0.01,0.03,0.05,0.00156212,0,0.007982976,0.392017024,0
2023-11-01,0.02,0.01,0.06,0.06,0.05,0.07,0.03,0.01,0.01,0.04,0.05,0.001637811,0,0.005951162,0.394048838,0
2023-11-02,0.02,0.01,0.06,0.07,0.05,0.08,0.03,0.02,0.01,0.04,0.05,0.000781942,0,0.004618056,0.395381944,0
2023-11-03,0.02,0.01,0.06,0.07,0.05,0.08,0.03,0.02,0.01,0.04,0.05,0.001597971,0,0.005612745,0.394387255,0
2023-11-04,0.02,0.01,0.06,0.06,0.05,0.08,0.03,0.01,0.01,0.03,0.05,0.000947347,0,0.002574128,0.397425872,0
2023-11-05,0.02,0.02,0.07,0.07,0.05,0.08,0.03,0.02,0.01,0.04,0.05,0.004764114,0,0.005465234,0.394534766,0
2023-11-06,0.03,0.02,0.07,0.06,0.05,0.07,0.03,0.01,0.01,0.03,0.05,0.003922207,0,0.005373547,0.394626453,0
2023-11-07,0.35,2.6,0.74,0.31,0.38,0.26,0.25,0.24,0.13,0.55,0.15,14.65981395,0,0.4854549,-0.0854549,1
2023-11-08,0.61,4.32,1.22,0.44,0.4,0.45,0.24,0.25,0.11,0.42,0.15,11.58428367,0,0.934117663,-0.534117663,1
2023-11-09,2.53,5.37,1.78,0.65,0.72,0.97,0.52,0.4,0.06,1.05,0.11,21.92817809,0,1.369003676,-0.969003676,1
2023-11-10,3.99,5.89,2.18,0.55,0.66,0.97,0.41,1.2,0.15,0.99,0.05,18.3168676,0,2.470401653,-2.070401653,1
2023-11-11,4.12,5.87,2.12,1.4,0.75,1.14,0.68,1.25,0.04,0.74,0.18,11.26169425,1,1.459893729,-1.059893729,1
2023-11-12,3.88,5.85,2.16,1.28,0.63,1.1,1.25,0.94,0.14,0.65,0.09,4.467265705,0,0.692977414,-0.292977414,1
2023-11-13,3.78,5.96,2.37,1.95,0.81,1.56,1.42,0.9,0.09,0.11,0.24,11.23425232,0,2.324951136,-1.924951136,1
2023-11-14,3.77,6.33,2.56,2.31,1.16,1.83,1.6,0.74,0.22,0.2,0.17,8.106815185,0,1.277450679,-0.877450679,1
2023-11-15,3.99,6.39,2.51,2.8,1.62,2.37,1.5,0.98,0.3,0.46,0.54,9.164671421,0,1.673913244,-1.273913244,1
2023-11-16,4.09,6.4,2.36,3.14,1.35,2.49,0.99,0.92,0.2,0.17,0.59,4.793946035,0,0.814918333,-0.414918333,1
2023-11-17,4.17,5.23,2.18,3.82,1.39,2.11,0.63,0.36,0.2,0.18,0.8,1.891194613,0,0.94608132,-0.54608132,1
2023-11-18,4.15,3.68,1.73,3.24,2.64,2.06,0.31,1.29,0.48,0.82,0.5,2.462058871,0,0.677174439,-0.277174439,1
2023-11-19,2.56,2.11,1.61,3.74,1.57,1.88,0.25,0.46,0.17,0.48,0.39,3.067729357,0,0.588718439,-0.188718439,1
2023-11-20,0.51,0.9,1.2,2.49,2.08,1.46,0.11,0.05,0.12,0.05,0.11,0.855473877,0,0.246287674,0.153712326,1
2023-11-21,0.65,0.79,1.4,2.47,1.96,1.52,0.15,0.17,0.13,0.07,0.17,1.146512132,0,0.16771002,0.23228998,1
2023-11-22,0.67,0.68,1.28,2.39,1.56,1.44,0.14,0.1,0.08,0.05,0.12,0.753261355,0,0.120228049,0.279771951,1
2023-11-23,0.68,0.59,0.96,2.62,1.1,1.36,0.1,0.03,0.06,0.1,0.06,0.60872422,0,0.104266494,0.295733506,1
2023-11-24,0.66,0.41,1.01,2.08,1.25,0.93,0.02,0.02,0.04,0.06,0.06,0.35257162,0,0.101396882,0.298603118,1
2023-11-25,0.65,0.36,0.92,1.98,1.27,0.94,0.04,0.03,0.05,0.03,0.05,0.416179234,0,0.139662081,0.260337919,1
2023-11-26,0.56,0.34,0.86,1.64,1.3,0.62,0.03,0.07,0.02,0.04,0.14,0.377377628,0,0.09618715,0.30381285,1
2023-11-27,0.53,0.27,0.55,1.2,1.02,0.55,0.02,0.07,0.03,0.08,0.12,0.137936691,0,0.023085334,0.376914666,0
2023-11-28,0.46,0.17,0.19,0.64,0.34,0.58,0.04,0.03,0.02,0.07,0.06,0.039406431,0,0.017555642,0.382444358,0
2023-11-29,0.42,0.16,0.13,0.65,0.3,0.51,0.04,0.01,0.02,0.09,0.07,0.039252235,0,0.019697458,0.380302542,0
2023-11-30,0.34,0.19,0.14,0.47,0.44,0.33,0.05,0.04,0.01,0.07,0.04,0.042122839,0,0.015164311,0.384835689,0
2023-12-01,0.29,0.14,0.11,0.38,0.34,0.32,0.03,0.02,0.02,0.05,0.05,0.025227625,0,0.020550258,0.379449742,0
2023-12-02,0.25,0.11,0.08,0.08,0.13,0.12,0.02,0.03,0.01,0.04,0.04,0.006299091,0,0.007321814,0.392678186,0
2023-12-03,0.2,0.1,0.12,0.1,0.18,0.12,0.02,0.02,0.02,0.04,0.04,0.016246146,0,0.006257466,0.393742534,0
2023-12-04,0.15,0.08,0.11,0.07,0.13,0.15,0.03,0.03,0.01,0.05,0.02,0.011540112,0,0.012014818,0.387985182,0
2023-12-05,0.16,0.08,0.1,0.07,0.14,0.13,0.03,0.03,0.01,0.04,0.03,0.002842559,0,0.006644201,0.393355799,0
2023-12-06,0.17,0.07,0.12,0.08,0.13,0.11,0.02,0.02,0.01,0.05,0.04,0.005234439,0,0.003522695,0.396477305,0
2023-12-07,0.15,0.06,0.12,0.08,0.1,0.1,0.02,0.02,0.01,0.04,0.04,0.004061227,0,0.003089216,0.396910784,0
2023-12-08,0.12,0.04,0.12,0.12,0.12,0.09,0.02,0.01,0.01,0.04,0.05,0.006428319,0,0.004837146,0.395162854,0
2023-12-09,0.12,0.04,0.1,0.13,0.1,0.09,0.02,0.01,0.01,0.05,0.05,0.002787523,0,0.003277336,0.396722664,0
2023-12-10,0.11,0.03,0.1,0.12,0.09,0.08,0.02,0.02,0.01,0.04,0.04,0.002943104,0,0.003790564,0.396209436,0
2023-12-11,0.08,0.03,0.1,0.09,0.11,0.08,0.02,0.02,0.02,0.04,0.04,0.003545618,0,0.005299875,0.394700125,0
2023-12-12,0.06,0.04,0.09,0.1,0.11,0.07,0.03,0.01,0.01,0.04,0.05,0.004578403,0,0.00961216,0.39038784,0
2023-12-13,0.05,0.02,0.06,0.08,0.06,0.08,0.02,0.01,0.02,0.05,0.05,0.002138166,0,0.004976604,0.395023396,0
2023-12-14,0.04,0.02,0.06,0.1,0.06,0.07,0.03,0.01,0.01,0.03,0.05,0.001493117,0,0.009263936,0.390736064,0
2023-12-15,0.03,0.02,0.06,0.1,0.05,0.07,0.02,0.01,0.01,0.04,0.05,0.001438694,0,0.007997183,0.392002817,0
2023-12-16,0.02,0.03,0.06,0.08,0.05,0.07,0.03,0.01,0.01,0.03,0.05,0.002981983,0,0.005919899,0.394080101,0
2023-12-17,0.03,0.04,0.06,0.07,0.06,0.07,0.03,0.01,0.01,0.04,0.05,0.00133327,0,0.005749675,0.394250325,0
2023-12-18,0.02,0.03,0.07,0.06,0.06,0.07,0.03,0.02,0.01,0.04,0.05,0.002940264,0,0.006494746,0.393505254,0
2023-12-19,0.02,0.03,0.07,0.06,0.06,0.07,0.03,0.02,0.01,0.05,0.05,0.001677817,0,0.005137388,0.394862612,0
2023-12-20,0.03,0.03,0.07,0.06,0.07,0.07,0.03,0.01,0.02,0.04,0.05,0.002367241,0,0.006365622,0.393634378,0
2023-12-21,0.02,0.02,0.06,0.06,0.05,0.08,0.03,0.02,0.01,0.04,0.04,0.002167933,0,0.005692248,0.394307752,0
2023-12-22,0.02,0.03,0.06,0.06,0.06,0.09,0.03,0.02,0.01,0.04,0.05,0.002261014,0,0.006076959,0.393923041,0
2023-12-23,0.02,0.03,0.06,0.07,0.04,0.09,0.03,0.01,0.01,0.04,0.05,0.001847803,0,0.00645365,0.39354635,0
2023-12-24,0.02,0.03,0.06,0.06,0.05,0.09,0.03,0.02,0.01,0.04,0.05,0.001967106,0,0.005672126,0.394327874,0
2023-12-25,0.02,0.03,0.06,0.06,0.05,0.08,0.03,0.01,0.01,0.04,0.05,0.001495688,0,0.00469172,0.39530828,0
2023-12-26,0.03,0.03,0.07,0.05,0.05,0.08,0.03,0.02,0.01,0.04,0.05,0.001699183,0,0.006206747,0.393793253,0
2023-12-27,0.02,0.02,0.07,0.05,0.06,0.08,0.03,0.02,0.01,0.04,0.05,0.001828004,0,0.00550705,0.39449295,0
2023-12-28,0.03,0.02,0.07,0.05,0.05,0.09,0.03,0.01,0.01,0.04,0.05,0.001918267,0,0.009368901,0.390631099,0
2023-12-29,0.04,0.03,0.06,0.06,0.05,0.09,0.03,0.02,0.01,0.03,0.05,0.001540395,0,0.004959557,0.395040443,0
2023-12-30,0.02,0.01,0.06,0.06,0.04,0.07,0.03,0.01,0.01,0.03,0.05,0.000892066,0,0.006411349,0.393588651,0
,,,,,,,,,,,,,,,,
,,,,,,,,,,,,,,,,
,,,,,,,,,,,,,,,,
,,,,,,,,,,,,,,,,
,,,,,,,,,,,,,,,,
-------------------,,,,,,,,,,,,,,,,
From,,,,,,,,,,,,,,,,
To,,,,,,,,,,,,,,,,
,,afknradio@naver.com,,,,,,,,,,,,,,
Date,,,,,,,,,,,,,,,,
Subject,,,,,,,,,,,,,,,,
,,,,,,,,,,,,,,,,
,,,,,,,,,,,,,,,,
index,,,,,,,,,,,,,,,,
2023-01-04,,,,,,,,,,,,,,,,
2023-01-05,,,,,,,,,,,,,,,,
2023-01-06,,,,,,,,,,,,,,,,
2023-01-07,,,,,,,,,,,,,,,,
2023-01-08,,,,,,,,,,,,,,,,
2023-01-09,,,,,,,,,,,,,,,,
2023-01-10,,,,,,,,,,,,,,,,
2023-01-11,,,,,,,,,,,,,,,,
2023-01-12,,,,,,,,,,,,,,,,
2023-01-13,,,,,,,,,,,,,,,,
2023-01-14,,,,,,,,,,,,,,,,
2023-01-15,,,,,,,,,,,,,,,,
2023-01-16,,,,,,,,,,,,,,,,
2023-01-17,,,,,,,,,,,,,,,,
2023-01-18,,,,,,,,,,,,,,,,
2023-01-19,,,,,,,,,,,,,,,,
2023-01-20,,,,,,,,,,,,,,,,
2023-01-21,,,,,,,,,,,,,,,,
2023-01-22,,,,,,,,,,,,,,,,
2023-01-23,,,,,,,,,,,,,,,,
2023-01-24,,,,,,,,,,,,,,,,
2023-01-25,,,,,,,,,,,,,,,,
2023-01-26,,,,,,,,,,,,,,,,
2023-01-27,,,,,,,,,,,,,,,,
2023-01-28,,,,,,,,,,,,,,,,
2023-01-29,,,,,,,,,,,,,,,,
2023-01-30,,,,,,,,,,,,,,,,
2023-01-31,,,,,,,,,,,,,,,,
2023-02-01,,,,,,,,,,,,,,,,
2023-02-02,,,,,,,,,,,,,,,,
2023-02-03,,,,,,,,,,,,,,,,
2023-02-04,,,,,,,,,,,,,,,,
2023-02-05,,,,,,,,,,,,,,,,
2023-02-06,,,,,,,,,,,,,,,,
2023-02-07,,,,,,,,,,,,,,,,
2023-02-08,,,,,,,,,,,,,,,,
2023-02-09,,,,,,,,,,,,,,,,
2023-02-10,,,,,,,,,,,,,,,,
2023-02-11,,,,,,,,,,,,,,,,
2023-02-12,,,,,,,,,,,,,,,,
2023-02-13,,,,,,,,,,,,,,,,
2023-02-14,,,,,,,,,,,,,,,,
2023-02-15,,,,,,,,,,,,,,,,
2023-02-16,,,,,,,,,,,,,,,,
2023-02-17,,,,,,,,,,,,,,,,
2023-02-18,,,,,,,,,,,,,,,,
2023-02-19,,,,,,,,,,,,,,,,
2023-02-20,,,,,,,,,,,,,,,,
2023-02-21,,,,,,,,,,,,,,,,
2023-02-22,,,,,,,,,,,,,,,,
2023-02-23,,,,,,,,,,,,,,,,
2023-02-24,,,,,,,,,,,,,,,,
2023-02-25,,,,,,,,,,,,,,,,
2023-02-26,,,,,,,,,,,,,,,,
2023-02-27,,,,,,,,,,,,,,,,
2023-02-28,,,,,,,,,,,,,,,,
2023-03-01,,,,,,,,,,,,,,,,
2023-03-02,,,,,,,,,,,,,,,,
2023-03-03,,,,,,,,,,,,,,,,
2023-03-04,,,,,,,,,,,,,,,,
2023-03-05,,,,,,,,,,,,,,,,
2023-03-06,,,,,,,,,,,,,,,,
2023-03-07,,,,,,,,,,,,,,,,
2023-03-08,,,,,,,,,,,,,,,,
2023-03-09,,,,,,,,,,,,,,,,
2023-03-10,,,,,,,,,,,,,,,,
2023-03-11,,,,,,,,,,,,,,,,
2023-03-12,,,,,,,,,,,,,,,,
2023-03-13,,,,,,,,,,,,,,,,
2023-03-14,,,,,,,,,,,,,,,,
2023-03-15,,,,,,,,,,,,,,,,
2023-03-16,,,,,,,,,,,,,,,,
2023-03-17,,,,,,,,,,,,,,,,
2023-03-18,,,,,,,,,,,,,,,,
2023-03-19,,,,,,,,,,,,,,,,
2023-03-20,,,,,,,,,,,,,,,,
2023-03-21,,,,,,,,,,,,,,,,
2023-03-22,,,,,,,,,,,,,,,,
2023-03-23,,,,,,,,,,,,,,,,
2023-03-24,,,,,,,,,,,,,,,,
2023-03-25,,,,,,,,,,,,,,,,
2023-03-26,,,,,,,,,,,,,,,,
2023-03-27,,,,,,,,,,,,,,,,
2023-03-28,,,,,,,,,,,,,,,,
2023-03-29,,,,,,,,,,,,,,,,
2023-03-30,,,,,,,,,,,,,,,,
2023-03-31,,,,,,,,,,,,,,,,
2023-04-01,,,,,,,,,,,,,,,,
2023-04-02,,,,,,,,,,,,,,,,
2023-04-03,,,,,,,,,,,,,,,,
2023-04-04,,,,,,,,,,,,,,,,
2023-04-05,,,,,,,,,,,,,,,,
2023-04-06,,,,,,,,,,,,,,,,
2023-04-07,,,,,,,,,,,,,,,,
2023-04-08,,,,,,,,,,,,,,,,
2023-04-09,,,,,,,,,,,,,,,,
2023-04-10,,,,,,,,,,,,,,,,
2023-04-11,,,,,,,,,,,,,,,,
2023-04-12,,,,,,,,,,,,,,,,
2023-04-13,,,,,,,,,,,,,,,,
2023-04-14,,,,,,,,,,,,,,,,
2023-04-15,,,,,,,,,,,,,,,,
2023-04-16,,,,,,,,,,,,,,,,
2023-04-17,,,,,,,,,,,,,,,,
2023-04-18,,,,,,,,,,,,,,,,
2023-04-19,,,,,,,,,,,,,,,,
2023-04-20,,,,,,,,,,,,,,,,
2023-04-21,,,,,,,,,,,,,,,,
2023-04-22,,,,,,,,,,,,,,,,
2023-04-23,,,,,,,,,,,,,,,,
2023-04-24,,,,,,,,,,,,,,,,
2023-04-25,,,,,,,,,,,,,,,,
2023-04-26,,,,,,,,,,,,,,,,
2023-04-27,,,,,,,,,,,,,,,,
2023-04-28,,,,,,,,,,,,,,,,
2023-04-29,,,,,,,,,,,,,,,,
2023-04-30,,,,,,,,,,,,,,,,
2023-05-01,,,,,,,,,,,,,,,,
2023-05-02,,,,,,,,,,,,,,,,
2023-05-03,,,,,,,,,,,,,,,,
2023-05-04,,,,,,,,,,,,,,,,
2023-05-05,,,,,,,,,,,,,,,,
2023-05-06,,,,,,,,,,,,,,,,
2023-05-07,,,,,,,,,,,,,,,,
2023-05-08,,,,,,,,,,,,,,,,
2023-05-09,,,,,,,,,,,,,,,,
2023-05-10,,,,,,,,,,,,,,,,
2023-05-11,,,,,,,,,,,,,,,,
2023-05-12,,,,,,,,,,,,,,,,
2023-05-13,,,,,,,,,,,,,,,,
2023-05-14,,,,,,,,,,,,,,,,
2023-05-15,,,,,,,,,,,,,,,,
2023-05-16,,,,,,,,,,,,,,,,
2023-05-17,,,,,,,,,,,,,,,,
2023-05-18,,,,,,,,,,,,,,,,
2023-05-19,,,,,,,,,,,,,,,,
2023-05-20,,,,,,,,,,,,,,,,
2023-05-21,,,,,,,,,,,,,,,,
2023-05-22,,,,,,,,,,,,,,,,
2023-05-23,,,,,,,,,,,,,,,,
2023-05-24,,,,,,,,,,,,,,,,
2023-05-25,,,,,,,,,,,,,,,,
2023-05-26,,,,,,,,,,,,,,,,
2023-05-27,,,,,,,,,,,,,,,,
2023-05-28,,,,,,,,,,,,,,,,
2023-05-29,,,,,,,,,,,,,,,,
2023-05-30,,,,,,,,,,,,,,,,
2023-05-31,,,,,,,,,,,,,,,,
2023-06-01,,,,,,,,,,,,,,,,
2023-06-02,,,,,,,,,,,,,,,,
2023-06-03,,,,,,,,,,,,,,,,
2023-06-04,,,,,,,,,,,,,,,,
2023-06-05,,,,,,,,,,,,,,,,
2023-06-06,,,,,,,,,,,,,,,,
2023-06-07,,,,,,,,,,,,,,,,
2023-06-08,,,,,,,,,,,,,,,,
2023-06-09,,,,,,,,,,,,,,,,
2023-06-10,,,,,,,,,,,,,,,,
2023-06-11,,,,,,,,,,,,,,,,
2023-06-12,,,,,,,,,,,,,,,,
2023-06-13,,,,,,,,,,,,,,,,
2023-06-14,,,,,,,,,,,,,,,,
2023-06-15,,,,,,,,,,,,,,,,
2023-06-16,,,,,,,,,,,,,,,,
2023-06-17,,,,,,,,,,,,,,,,
2023-06-18,,,,,,,,,,,,,,,,
2023-06-19,,,,,,,,,,,,,,,,
2023-06-20,,,,,,,,,,,,,,,,
2023-06-21,,,,,,,,,,,,,,,,
2023-06-22,,,,,,,,,,,,,,,,
2023-06-23,,,,,,,,,,,,,,,,
2023-06-24,,,,,,,,,,,,,,,,
2023-06-25,,,,,,,,,,,,,,,,
2023-06-26,,,,,,,,,,,,,,,,
2023-06-27,,,,,,,,,,,,,,,,
2023-06-28,,,,,,,,,,,,,,,,
2023-06-29,,,,,,,,,,,,,,,,
2023-06-30,,,,,,,,,,,,,,,,
2023-07-01,,,,,,,,,,,,,,,,
2023-07-02,,,,,,,,,,,,,,,,
2023-07-03,,,,,,,,,,,,,,,,
2023-07-04,,,,,,,,,,,,,,,,
2023-07-05,,,,,,,,,,,,,,,,
2023-07-06,,,,,,,,,,,,,,,,
2023-07-07,,,,,,,,,,,,,,,,
2023-07-08,,,,,,,,,,,,,,,,
2023-07-09,,,,,,,,,,,,,,,,
2023-07-10,,,,,,,,,,,,,,,,
2023-07-11,,,,,,,,,,,,,,,,
2023-07-12,,,,,,,,,,,,,,,,
2023-07-13,,,,,,,,,,,,,,,,
2023-07-14,,,,,,,,,,,,,,,,
2023-07-15,,,,,,,,,,,,,,,,
2023-07-16,,,,,,,,,,,,,,,,
2023-07-17,,,,,,,,,,,,,,,,
2023-07-18,,,,,,,,,,,,,,,,
2023-07-19,,,,,,,,,,,,,,,,
2023-07-20,,,,,,,,,,,,,,,,
2023-07-21,,,,,,,,,,,,,,,,
2023-07-22,,,,,,,,,,,,,,,,
2023-07-23,,,,,,,,,,,,,,,,
2023-07-24,,,,,,,,,,,,,,,,
2023-07-25,,,,,,,,,,,,,,,,
2023-07-26,,,,,,,,,,,,,,,,
2023-07-27,,,,,,,,,,,,,,,,
2023-07-28,,,,,,,,,,,,,,,,
2023-07-29,,,,,,,,,,,,,,,,
2023-07-30,,,,,,,,,,,,,,,,
2023-07-31,,,,,,,,,,,,,,,,
2023-08-01,,,,,,,,,,,,,,,,
2023-08-02,,,,,,,,,,,,,,,,
2023-08-03,,,,,,,,,,,,,,,,
2023-08-04,,,,,,,,,,,,,,,,
2023-08-05,,,,,,,,,,,,,,,,
2023-08-06,,,,,,,,,,,,,,,,
2023-08-07,,,,,,,,,,,,,,,,
2023-08-08,,,,,,,,,,,,,,,,
2023-08-09,,,,,,,,,,,,,,,,
2023-08-10,,,,,,,,,,,,,,,,
2023-08-11,,,,,,,,,,,,,,,,
2023-08-12,,,,,,,,,,,,,,,,
2023-08-13,,,,,,,,,,,,,,,,
2023-08-14,,,,,,,,,,,,,,,,
2023-08-15,,,,,,,,,,,,,,,,
2023-08-16,,,,,,,,,,,,,,,,
2023-08-17,,,,,,,,,,,,,,,,
2023-08-18,,,,,,,,,,,,,,,,
2023-08-19,,,,,,,,,,,,,,,,
2023-08-20,,,,,,,,,,,,,,,,
2023-08-21,,,,,,,,,,,,,,,,
2023-08-22,,,,,,,,,,,,,,,,
2023-08-23,,,,,,,,,,,,,,,,
2023-08-24,,,,,,,,,,,,,,,,
2023-08-25,,,,,,,,,,,,,,,,
2023-08-26,,,,,,,,,,,,,,,,
2023-08-27,,,,,,,,,,,,,,,,
2023-08-28,,,,,,,,,,,,,,,,
2023-08-29,,,,,,,,,,,,,,,,
2023-08-30,,,,,,,,,,,,,,,,
2023-08-31,,,,,,,,,,,,,,,,
2023-09-01,,,,,,,,,,,,,,,,
2023-09-02,,,,,,,,,,,,,,,,
2023-09-03,,,,,,,,,,,,,,,,
2023-09-04,,,,,,,,,,,,,,,,
2023-09-05,,,,,,,,,,,,,,,,
2023-09-06,,,,,,,,,,,,,,,,
2023-09-07,,,,,,,,,,,,,,,,
2023-09-08,,,,,,,,,,,,,,,,
2023-09-09,,,,,,,,,,,,,,,,
2023-09-10,,,,,,,,,,,,,,,,
2023-09-11,,,,,,,,,,,,,,,,
2023-09-12,,,,,,,,,,,,,,,,
2023-09-13,,,,,,,,,,,,,,,,
2023-09-14,,,,,,,,,,,,,,,,
2023-09-15,,,,,,,,,,,,,,,,
2023-09-16,,,,,,,,,,,,,,,,
2023-09-17,,,,,,,,,,,,,,,,
2023-09-18,,,,,,,,,,,,,,,,
2023-09-19,,,,,,,,,,,,,,,,
2023-09-20,,,,,,,,,,,,,,,,
2023-09-21,,,,,,,,,,,,,,,,
2023-09-22,,,,,,,,,,,,,,,,
2023-09-23,,,,,,,,,,,,,,,,
2023-09-24,,,,,,,,,,,,,,,,
2023-09-25,,,,,,,,,,,,,,,,
2023-09-26,,,,,,,,,,,,,,,,
2023-09-27,,,,,,,,,,,,,,,,
2023-09-28,,,,,,,,,,,,,,,,
2023-09-29,,,,,,,,,,,,,,,,
2023-09-30,,,,,,,,,,,,,,,,
2023-10-01,,,,,,,,,,,,,,,,
2023-10-02,,,,,,,,,,,,,,,,
2023-10-03,,,,,,,,,,,,,,,,
2023-10-04,,,,,,,,,,,,,,,,
2023-10-05,,,,,,,,,,,,,,,,
2023-10-06,,,,,,,,,,,,,,,,
2023-10-07,,,,,,,,,,,,,,,,
2023-10-08,,,,,,,,,,,,,,,,
2023-10-09,,,,,,,,,,,,,,,,
2023-10-10,,,,,,,,,,,,,,,,
2023-10-11,,,,,,,,,,,,,,,,
2023-10-12,,,,,,,,,,,,,,,,
2023-10-13,,,,,,,,,,,,,,,,
2023-10-14,,,,,,,,,,,,,,,,
2023-10-15,,,,,,,,,,,,,,,,
2023-10-16,,,,,,,,,,,,,,,,
2023-10-17,,,,,,,,,,,,,,,,
2023-10-18,,,,,,,,,,,,,,,,
2023-10-19,,,,,,,,,,,,,,,,
2023-10-20,,,,,,,,,,,,,,,,
2023-10-21,,,,,,,,,,,,,,,,
2023-10-22,,,,,,,,,,,,,,,,
2023-10-23,,,,,,,,,,,,,,,,
2023-10-24,,,,,,,,,,,,,,,,
2023-10-25,,,,,,,,,,,,,,,,
2023-10-26,,,,,,,,,,,,,,,,
2023-10-27,,,,,,,,,,,,,,,,
2023-10-28,,,,,,,,,,,,,,,,
2023-10-29,,,,,,,,,,,,,,,,
2023-10-30,,,,,,,,,,,,,,,,
2023-10-31,,,,,,,,,,,,,,,,
2023-11-01,,,,,,,,,,,,,,,,
2023-11-02,,,,,,,,,,,,,,,,
2023-11-03,,,,,,,,,,,,,,,,
2023-11-04,,,,,,,,,,,,,,,,
2023-11-05,,,,,,,,,,,,,,,,
2023-11-06,,,,,,,,,,,,,,,,
2023-11-07,,,,,,,,,,,,,,,,
2023-11-08,,,,,,,,,,,,,,,,
2023-11-09,,,,,,,,,,,,,,,,
2023-11-10,,,,,,,,,,,,,,,,
2023-11-11,,,,,,,,,,,,,,,,
2023-11-12,,,,,,,,,,,,,,,,
2023-11-13,,,,,,,,,,,,,,,,
2023-11-14,,,,,,,,,,,,,,,,
2023-11-15,,,,,,,,,,,,,,,,
2023-11-16,,,,,,,,,,,,,,,,
2023-11-17,,,,,,,,,,,,,,,,
2023-11-18,,,,,,,,,,,,,,,,
2023-11-19,,,,,,,,,,,,,,,,
2023-11-20,,,,,,,,,,,,,,,,
2023-11-21,,,,,,,,,,,,,,,,
2023-11-22,,,,,,,,,,,,,,,,
2023-11-23,,,,,,,,,,,,,,,,
2023-11-24,,,,,,,,,,,,,,,,
2023-11-25,,,,,,,,,,,,,,,,
2023-11-26,,,,,,,,,,,,,,,,
2023-11-27,,,,,,,,,,,,,,,,
2023-11-28,,,,,,,,,,,,,,,,
2023-11-29,,,,,,,,,,,,,,,,
2023-11-30,,,,,,,,,,,,,,,,
2023-12-01,,,,,,,,,,,,,,,,
2023-12-02,,,,,,,,,,,,,,,,
2023-12-03,,,,,,,,,,,,,,,,
2023-12-04,,,,,,,,,,,,,,,,
2023-12-05,,,,,,,,,,,,,,,,
2023-12-06,,,,,,,,,,,,,,,,
2023-12-07,,,,,,,,,,,,,,,,
2023-12-08,,,,,,,,,,,,,,,,
2023-12-09,,,,,,,,,,,,,,,,
2023-12-10,,,,,,,,,,,,,,,,
2023-12-11,,,,,,,,,,,,,,,,
2023-12-12,,,,,,,,,,,,,,,,
2023-12-13,,,,,,,,,,,,,,,,
2023-12-14,,,,,,,,,,,,,,,,
2023-12-15,,,,,,,,,,,,,,,,
2023-12-16,,,,,,,,,,,,,,,,
2023-12-17,,,,,,,,,,,,,,,,
2023-12-18,,,,,,,,,,,,,,,,
2023-12-19,,,,,,,,,,,,,,,,
2023-12-20,,,,,,,,,,,,,,,,
2023-12-21,,,,,,,,,,,,,,,,
2023-12-22,,,,,,,,,,,,,,,,
2023-12-23,,,,,,,,,,,,,,,,
2023-12-24,,,,,,,,,,,,,,,,
2023-12-25,,,,,,,,,,,,,,,,
2023-12-26,,,,,,,,,,,,,,,,
2023-12-27,,,,,,,,,,,,,,,,
2023-12-28,,,,,,,,,,,,,,,,
2023-12-29,,,,,,,,,,,,,,,,
2023-12-30,,,,,,,,,,,,,,,,
